CCC_CODE,BASE_CLASS,CONN_PHASE,MET_STATUS,TYPE,COUNT,UNIT
3113102,C,1,DEF    ,11_count   ,2,6
3113102,C,1,HEALTHY,2.0_norm   ,49,0
3113102,C,1,DEF    ,25_count   ,5,74
3113102,C,1,HEALTHY,3.0_adv    ,35,0
3113102,C,1,HEALTHY,4.0_temp   ,16,0
3113102,C,1,HEALTHY,5.11_count ,31,171
3113102,C,1,DEF    ,50_count   ,12,485
3113102,C,1,HEALTHY,7.25_count ,70,1292
3113102,C,1,DEF    ,DEF_OTH    ,20,8622
3113102,C,1,HEALTHY,HEALTHY_OTH,425,107816
3113102,C,3,HEALTHY,3.0_adv    ,1,0
3113102,C,3,HEALTHY,5.100_count,2,139
3113102,C,3,HEALTHY,7.500_count,6,2181.11
3113102,C,3,HEALTHY,HEALTHY_OTH,28,201524
3113102,C,3,DEF    ,,1,11404
3113102,D,1,DEF    ,11_count   ,22,98
3113102,D,1,HEALTHY,11_count   ,1,0
3113102,D,1,HEALTHY,2.0_norm   ,263,0
3113102,D,1,DEF    ,25_count   ,37,692
3113102,D,1,HEALTHY,3.0_adv    ,146,0
3113102,D,1,HEALTHY,4.0_temp   ,44,0
3113102,D,1,HEALTHY,5.11_count ,103,552
3113102,D,1,DEF    ,50_count   ,114,4298
3113102,D,1,HEALTHY,7.25_count ,188,3521
3113102,D,1,DEF    ,DEF_OTH    ,523,95420
3113102,D,1,HEALTHY,HEALTHY_OTH,7552,1449644
3113102,D,3,HEALTHY,,5,1849
3113102,I,3,HEALTHY,2.0_norm   ,4,0
3113102,I,3,HEALTHY,3.0_adv    ,2,0
3113102,I,3,HEALTHY,4.0_temp   ,3,0
3113102,I,3,HEALTHY,5.100_count,31,1431
3113102,I,3,HEALTHY,7.500_count,71,16420
3113102,I,3,HEALTHY,HEALTHY_OTH,41,71660
3113302,C,1,DEF    ,11_count   ,20,132
3113302,C,1,HEALTHY,2.0_norm   ,317,0
3113302,C,1,DEF    ,25_count   ,26,449
3113302,C,1,HEALTHY,3.0_adv    ,14,0
3113302,C,1,HEALTHY,4.0_temp   ,19,0
3113302,C,1,HEALTHY,5.11_count ,137,806
3113302,C,1,DEF    ,50_count   ,40,1563
3113302,C,1,HEALTHY,7.25_count ,196,3523
3113302,C,1,DEF    ,DEF_OTH    ,96,13709
3113302,C,1,HEALTHY,HEALTHY_OTH,1610,280088
3113302,C,3,HEALTHY,4.0_temp   ,1,0
3113302,D,1,DEF    ,11_count   ,218,1072
3113302,D,1,HEALTHY,2.0_norm   ,1795,0
3113302,D,1,DEF    ,25_count   ,313,5660
3113302,D,1,HEALTHY,3.0_adv    ,40,0
3113302,D,1,HEALTHY,4.0_temp   ,63,0
3113302,D,1,HEALTHY,5.11_count ,539,3016
3113302,D,1,DEF    ,50_count   ,502,19094
3113302,D,1,HEALTHY,7.25_count ,1012,18535
3113302,D,1,DEF    ,DEF_OTH    ,1142,146132
3113302,D,1,HEALTHY,HEALTHY_OTH,16097,2001630
3113302,D,1,HEALTHY,,3,76
3113302,D,3,HEALTHY,,3,492
3113302,I,1,HEALTHY,,1,11
3113302,I,3,HEALTHY,2.0_norm   ,1,0
3113302,I,3,DEF    ,250_count  ,1,154
3113302,I,3,HEALTHY,3.0_adv    ,7,0
3113302,I,3,HEALTHY,4.0_temp   ,2,0
3113302,I,3,HEALTHY,5.100_count,62,3503
3113302,I,3,HEALTHY,7.500_count,86,20814
3113302,I,3,HEALTHY,HEALTHY_OTH,45,57388
3113400,C,1,HEALTHY,2.0_norm   ,48,0
3113400,C,1,DEF    ,25_count   ,2,39
3113400,C,1,HEALTHY,3.0_adv    ,63,0
3113400,C,1,HEALTHY,4.0_temp   ,9,0
3113400,C,1,HEALTHY,5.11_count ,91,474
3113400,C,1,DEF    ,50_count   ,9,342
3113400,C,1,HEALTHY,7.25_count ,108,1925
3113400,C,1,DEF    ,DEF_OTH    ,32,8992
3113400,C,1,HEALTHY,HEALTHY_OTH,903,303774.4
3113400,C,3,HEALTHY,2.0_norm   ,3,0
3113400,C,3,HEALTHY,4.0_temp   ,2,0
3113400,C,3,HEALTHY,5.100_count,6,240.6
3113400,C,3,HEALTHY,7.500_count,10,1805
3113400,C,3,HEALTHY,HEALTHY_OTH,67,426142
3113400,D,1,DEF    ,11_count   ,12,47
3113400,D,1,HEALTHY,2.0_norm   ,237,0
3113400,D,1,DEF    ,25_count   ,15,262
3113400,D,1,HEALTHY,3.0_adv    ,270,0
3113400,D,1,HEALTHY,4.0_temp   ,35,0
3113400,D,1,HEALTHY,5.11_count ,258,1322
3113400,D,1,DEF    ,50_count   ,25,928
3113400,D,1,HEALTHY,7.25_count ,326,5873
3113400,D,1,DEF    ,DEF_OTH    ,300,68524
3113400,D,1,HEALTHY,HEALTHY_OTH,11690,3025341
3113400,D,1,HEALTHY,,1,816
3113400,D,3,DEF    ,,1,12
3113400,D,3,HEALTHY,,39,22625
3113400,I,1,HEALTHY,,1,198
3113400,I,3,HEALTHY,2.0_norm   ,3,0
3113400,I,3,HEALTHY,3.0_adv    ,7,0
3113400,I,3,HEALTHY,4.0_temp   ,2,0
3113400,I,3,HEALTHY,5.100_count,38,1595
3113400,I,3,HEALTHY,7.500_count,45,10218
3113400,I,3,HEALTHY,HEALTHY_OTH,52,94009
3113401,C,1,DEF    ,11_count   ,3,12
3113401,C,1,HEALTHY,2.0_norm   ,210,0
3113401,C,1,DEF    ,25_count   ,1,12
3113401,C,1,HEALTHY,3.0_adv    ,18,0
3113401,C,1,HEALTHY,4.0_temp   ,20,0
3113401,C,1,HEALTHY,5.11_count ,122,608
3113401,C,1,DEF    ,50_count   ,7,314
3113401,C,1,HEALTHY,7.25_count ,167,2980
3113401,C,1,DEF    ,DEF_OTH    ,9,901
3113401,C,1,HEALTHY,HEALTHY_OTH,886,169158
3113401,C,3,HEALTHY,2.0_norm   ,1,0
3113401,C,3,HEALTHY,5.100_count,3,95
3113401,C,3,HEALTHY,7.500_count,7,2110
3113401,C,3,HEALTHY,HEALTHY_OTH,35,173239
3113401,D,1,DEF    ,11_count   ,28,157
3113401,D,1,HEALTHY,11_count   ,1,0
3113401,D,1,HEALTHY,2.0_norm   ,1092,0
3113401,D,1,DEF    ,25_count   ,35,620
3113401,D,1,HEALTHY,3.0_adv    ,17,0
3113401,D,1,HEALTHY,4.0_temp   ,97,0
3113401,D,1,HEALTHY,5.11_count ,338,1840
3113401,D,1,DEF    ,50_count   ,81,3147
3113401,D,1,HEALTHY,7.25_count ,549,9967
3113401,D,1,DEF    ,DEF_OTH    ,255,34728
3113401,D,1,HEALTHY,DEF_OTH    ,3,3963
3113401,D,1,HEALTHY,HEALTHY_OTH,12141,1692659
3113401,D,1,HEALTHY,,7,2933
3113401,D,3,HEALTHY,,5,3197
3113401,I,3,HEALTHY,2.0_norm   ,4,0
3113401,I,3,HEALTHY,3.0_adv    ,2,0
3113401,I,3,HEALTHY,4.0_temp   ,1,0
3113401,I,3,HEALTHY,5.100_count,17,973
3113401,I,3,HEALTHY,7.500_count,54,15688
3113401,I,3,HEALTHY,HEALTHY_OTH,53,98459
3113401,I,3,HEALTHY,,1,13421
3113500,C,1,DEF    ,11_count   ,3,21
3113500,C,1,HEALTHY,2.0_norm   ,64,0
3113500,C,1,DEF    ,25_count   ,2,31
3113500,C,1,HEALTHY,3.0_adv    ,91,0
3113500,C,1,HEALTHY,4.0_temp   ,13,0
3113500,C,1,HEALTHY,5.11_count ,91,463
3113500,C,1,DEF    ,50_count   ,2,79
3113500,C,1,HEALTHY,7.25_count ,112,2027
3113500,C,1,DEF    ,DEF_OTH    ,22,6577
3113500,C,1,HEALTHY,HEALTHY_OTH,1020,298952
3113500,C,3,HEALTHY,2.0_norm   ,1,0
3113500,C,3,HEALTHY,3.0_adv    ,3,0
3113500,C,3,HEALTHY,4.0_temp   ,1,0
3113500,C,3,HEALTHY,5.100_count,7,280
3113500,C,3,HEALTHY,7.500_count,22,5940
3113500,C,3,HEALTHY,HEALTHY_OTH,96,502919
3113500,C,3,DEF    ,,2,22873
3113500,D,1,DEF    ,11_count   ,14,78
3113500,D,1,HEALTHY,2.0_norm   ,180,0
3113500,D,1,DEF    ,25_count   ,4,67
3113500,D,1,HEALTHY,3.0_adv    ,297,0
3113500,D,1,HEALTHY,4.0_temp   ,92,0
3113500,D,1,HEALTHY,5.11_count ,282,1391
3113500,D,1,DEF    ,50_count   ,17,652
3113500,D,1,HEALTHY,7.25_count ,262,4666
3113500,D,1,DEF    ,DEF_OTH    ,257,60865
3113500,D,1,HEALTHY,HEALTHY_OTH,11869,3261779
3113500,D,1,HEALTHY,,1,272
3113500,D,3,HEALTHY,,38,63770
3113500,I,3,HEALTHY,2.0_norm   ,4,0
3113500,I,3,HEALTHY,3.0_adv    ,2,0
3113500,I,3,HEALTHY,4.0_temp   ,1,0
3113500,I,3,HEALTHY,5.100_count,23,1295
3113500,I,3,HEALTHY,7.500_count,38,10754
3113500,I,3,HEALTHY,HEALTHY_OTH,32,82539
3113500,I,3,DEF    ,,1,531
3122200,C,1,HEALTHY,2.0_norm   ,16,0
3122200,C,1,HEALTHY,3.0_adv    ,47,0
3122200,C,1,HEALTHY,4.0_temp   ,11,0
3122200,C,1,HEALTHY,5.11_count ,31,145
3122200,C,1,HEALTHY,7.25_count ,23,382
3122200,C,1,DEF    ,DEF_OTH    ,2,2050
3122200,C,1,HEALTHY,HEALTHY_OTH,551,229501
3122200,C,3,DEF    ,100_count  ,1,29
3122200,C,3,HEALTHY,2.0_norm   ,11,0
3122200,C,3,HEALTHY,3.0_adv    ,24,0
3122200,C,3,HEALTHY,4.0_temp   ,2,0
3122200,C,3,HEALTHY,5.100_count,33,1129
3122200,C,3,DEF    ,500_count  ,1,276
3122200,C,3,HEALTHY,7.500_count,86,23190
3122200,C,3,HEALTHY,HEALTHY_OTH,445,2082879
3122200,C,3,DEF    ,,1,2745
3122200,C,3,HEALTHY,,2,14441
3122200,D,1,HEALTHY,2.0_norm   ,65,0
3122200,D,1,DEF    ,25_count   ,1,23
3122200,D,1,HEALTHY,3.0_adv    ,99,0
3122200,D,1,HEALTHY,4.0_temp   ,32,0
3122200,D,1,HEALTHY,5.11_count ,92,462
3122200,D,1,HEALTHY,7.25_count ,78,1428
3122200,D,1,DEF    ,DEF_OTH    ,15,5687
3122200,D,1,HEALTHY,HEALTHY_OTH,3638,1517743
3122200,D,1,HEALTHY,,2,6612
3122200,D,3,DEF    ,,10,11146
3122200,D,3,HEALTHY,,2260,2829221.9
3122200,I,3,HEALTHY,3.0_adv    ,1,0
3122200,I,3,HEALTHY,5.100_count,1,80
3122200,I,3,HEALTHY,7.500_count,3,1183
3122200,I,3,HEALTHY,HEALTHY_OTH,2,2444
3122300,C,1,HEALTHY,2.0_norm   ,28,0
3122300,C,1,HEALTHY,3.0_adv    ,10,0
3122300,C,1,HEALTHY,4.0_temp   ,7,0
3122300,C,1,HEALTHY,5.11_count ,21,93
3122300,C,1,DEF    ,50_count   ,1,48
3122300,C,1,HEALTHY,7.25_count ,28,466
3122300,C,1,DEF    ,DEF_OTH    ,3,4785
3122300,C,1,HEALTHY,HEALTHY_OTH,364,153766
3122300,C,3,HEALTHY,2.0_norm   ,11,0
3122300,C,3,HEALTHY,3.0_adv    ,14,0
3122300,C,3,HEALTHY,5.100_count,14,690
3122300,C,3,DEF    ,500_count  ,1,355
3122300,C,3,HEALTHY,7.500_count,19,4905
3122300,C,3,HEALTHY,HEALTHY_OTH,151,836665.4
3122300,C,3,DEF    ,,3,14674
3122300,D,1,DEF    ,11_count   ,1,3
3122300,D,1,HEALTHY,2.0_norm   ,159,0
3122300,D,1,HEALTHY,3.0_adv    ,99,0
3122300,D,1,HEALTHY,4.0_temp   ,29,0
3122300,D,1,HEALTHY,5.11_count ,131,636
3122300,D,1,HEALTHY,7.25_count ,115,2051
3122300,D,1,DEF    ,DEF_OTH    ,31,12153
3122300,D,1,HEALTHY,HEALTHY_OTH,5531,2490257
3122300,D,3,DEF    ,,16,24020
3122300,D,3,HEALTHY,,909,1238755
3122300,I,3,HEALTHY,5.100_count,1,55
3122300,I,3,DEF    ,500_count  ,1,288.75
3122300,I,3,HEALTHY,7.500_count,7,2751
3122300,I,3,HEALTHY,HEALTHY_OTH,17,58318
3122400,C,1,HEALTHY,2.0_norm   ,22,0
3122400,C,1,HEALTHY,3.0_adv    ,33,0
3122400,C,1,HEALTHY,4.0_temp   ,3,0
3122400,C,1,HEALTHY,5.11_count ,26,110
3122400,C,1,HEALTHY,7.25_count ,24,449
3122400,C,1,HEALTHY,HEALTHY_OTH,489,267189
3122400,C,3,HEALTHY,2.0_norm   ,10,0
3122400,C,3,DEF    ,250_count  ,1,140
3122400,C,3,HEALTHY,3.0_adv    ,10,0
3122400,C,3,HEALTHY,5.100_count,21,1050
3122400,C,3,HEALTHY,7.500_count,46,12150
3122400,C,3,HEALTHY,HEALTHY_OTH,249,1679550
3122400,C,3,HEALTHY,,1,5396
3122400,D,1,HEALTHY,2.0_norm   ,141,0
3122400,D,1,DEF    ,25_count   ,1,16
3122400,D,1,HEALTHY,3.0_adv    ,104,0
3122400,D,1,HEALTHY,4.0_temp   ,24,0
3122400,D,1,HEALTHY,5.11_count ,149,645
3122400,D,1,HEALTHY,7.25_count ,127,2333
3122400,D,1,DEF    ,DEF_OTH    ,16,6343
3122400,D,1,HEALTHY,DEF_OTH    ,1,1534
3122400,D,1,HEALTHY,HEALTHY_OTH,5608,2144180
3122400,D,1,DEF    ,,1,106
3122400,D,1,HEALTHY,,2,324
3122400,D,3,DEF    ,,7,4768
3122400,D,3,HEALTHY,,1141,1251478
3122400,I,3,HEALTHY,2.0_norm   ,2,0
3122400,I,3,HEALTHY,5.100_count,3,108
3122400,I,3,HEALTHY,7.500_count,12,3214
3122400,I,3,HEALTHY,HEALTHY_OTH,12,37321
3125100,C,1,HEALTHY,2.0_norm   ,12,0
3125100,C,1,DEF    ,25_count   ,1,15
3125100,C,1,HEALTHY,3.0_adv    ,1,0
3125100,C,1,HEALTHY,4.0_temp   ,5,0
3125100,C,1,HEALTHY,5.11_count ,10,73
3125100,C,1,HEALTHY,7.25_count ,4,52
3125100,C,1,DEF    ,DEF_OTH    ,3,633
3125100,C,1,HEALTHY,HEALTHY_OTH,55,28587
3125100,C,1,HEALTHY,,1,3550
3125100,C,3,DEF    ,100_count  ,12,504
3125100,C,3,HEALTHY,2.0_norm   ,84,0
3125100,C,3,DEF    ,250_count  ,1,224
3125100,C,3,HEALTHY,3.0_adv    ,1,0
3125100,C,3,HEALTHY,4.0_temp   ,14,0
3125100,C,3,HEALTHY,5.100_count,264,12731
3125100,C,3,DEF    ,500_count  ,1,295
3125100,C,3,HEALTHY,7.500_count,243,56173
3125100,C,3,HEALTHY,HEALTHY_OTH,152,368805
3125100,C,3,DEF    ,,2,3565
3125100,C,3,HEALTHY,,2,1797
3125100,D,1,DEF    ,11_count   ,6,24
3125100,D,1,HEALTHY,2.0_norm   ,632,0
3125100,D,1,DEF    ,25_count   ,4,66
3125100,D,1,HEALTHY,3.0_adv    ,44,0
3125100,D,1,HEALTHY,4.0_temp   ,2,0
3125100,D,1,HEALTHY,5.11_count ,267,1027
3125100,D,1,DEF    ,50_count   ,5,198
3125100,D,1,HEALTHY,7.25_count ,158,2698
3125100,D,1,DEF    ,DEF_OTH    ,77,22654
3125100,D,1,HEALTHY,HEALTHY_OTH,2509,731400
3125100,D,1,DEF    ,,1,214
3125100,D,1,HEALTHY,,10,8418
3125100,D,3,DEF    ,,44,34890
3125100,D,3,HEALTHY,,1596,1105749
3125101,C,1,HEALTHY,2.0_norm   ,56,0
3125101,C,1,HEALTHY,3.0_adv    ,8,0
3125101,C,1,HEALTHY,4.0_temp   ,15,0
3125101,C,1,HEALTHY,5.11_count ,24,128
3125101,C,1,HEALTHY,7.25_count ,8,154
3125101,C,1,HEALTHY,HEALTHY_OTH,122,79521
3125101,C,3,DEF    ,100_count  ,3,111
3125101,C,3,HEALTHY,2.0_norm   ,49,0
3125101,C,3,DEF    ,250_count  ,1,112
3125101,C,3,HEALTHY,3.0_adv    ,2,0
3125101,C,3,HEALTHY,4.0_temp   ,2,0
3125101,C,3,HEALTHY,5.100_count,162,7072
3125101,C,3,HEALTHY,7.500_count,134,31927
3125101,C,3,HEALTHY,HEALTHY_OTH,218,680834
3125101,C,3,DEF    ,,1,32027
3125101,C,3,HEALTHY,,6,15459
3125101,D,1,HEALTHY,2.0_norm   ,396,0
3125101,D,1,HEALTHY,3.0_adv    ,20,0
3125101,D,1,HEALTHY,4.0_temp   ,12,0
3125101,D,1,HEALTHY,5.11_count ,186,815
3125101,D,1,DEF    ,50_count   ,2,90
3125101,D,1,HEALTHY,7.25_count ,72,1207
3125101,D,1,DEF    ,DEF_OTH    ,8,4079
3125101,D,1,HEALTHY,HEALTHY_OTH,1613,499054
3125101,D,1,HEALTHY,,2,5811
3125101,D,3,DEF    ,,21,18296
3125101,D,3,HEALTHY,,3198,1854063.8
3125101,I,3,HEALTHY,HEALTHY_OTH,1,1725
3125102,C,1,HEALTHY,HEALTHY_OTH,6,3303
3125102,C,3,HEALTHY,2.0_norm   ,6,0
3125102,C,3,HEALTHY,3.0_adv    ,3,0
3125102,C,3,HEALTHY,4.0_temp   ,1,0
3125102,C,3,HEALTHY,5.100_count,31,1339
3125102,C,3,HEALTHY,7.500_count,22,4413
3125102,C,3,HEALTHY,HEALTHY_OTH,16,25728
3125102,D,1,DEF    ,11_count   ,1,1
3125102,D,1,HEALTHY,2.0_norm   ,1436,0
3125102,D,1,DEF    ,25_count   ,2,34
3125102,D,1,HEALTHY,3.0_adv    ,8,0
3125102,D,1,HEALTHY,4.0_temp   ,34,0
3125102,D,1,HEALTHY,5.11_count ,510,2067
3125102,D,1,DEF    ,50_count   ,1,28
3125102,D,1,HEALTHY,7.25_count ,361,6380
3125102,D,1,DEF    ,DEF_OTH    ,7,1220
3125102,D,1,HEALTHY,HEALTHY_OTH,4974,817258
3125102,D,1,HEALTHY,,20,19336
3125102,D,3,DEF    ,,2,1247
3125102,D,3,HEALTHY,,110,102282
3152101,C,1,DEF    ,11_count   ,5,25
3152101,C,1,HEALTHY,2.0_norm   ,122,0
3152101,C,1,DEF    ,25_count   ,2,36
3152101,C,1,HEALTHY,3.0_adv    ,4,0
3152101,C,1,HEALTHY,4.0_temp   ,11,0
3152101,C,1,HEALTHY,5.11_count ,47,187
3152101,C,1,DEF    ,50_count   ,2,75
3152101,C,1,HEALTHY,7.25_count ,54,992
3152101,C,1,DEF    ,DEF_OTH    ,19,3361
3152101,C,1,HEALTHY,HEALTHY_OTH,628,209952
3152101,C,1,HEALTHY,,2,2671
3152101,C,3,HEALTHY,2.0_norm   ,9,0
3152101,C,3,HEALTHY,5.100_count,11,649
3152101,C,3,HEALTHY,7.500_count,20,4911
3152101,C,3,HEALTHY,HEALTHY_OTH,57,204784
3152101,C,3,DEF    ,,1,5003
3152101,C,3,HEALTHY,,5,114
3152101,D,1,DEF    ,11_count   ,9,44
3152101,D,1,HEALTHY,2.0_norm   ,411,0
3152101,D,1,DEF    ,25_count   ,4,61
3152101,D,1,HEALTHY,3.0_adv    ,14,0
3152101,D,1,HEALTHY,4.0_temp   ,26,0
3152101,D,1,HEALTHY,5.11_count ,156,704
3152101,D,1,DEF    ,50_count   ,6,234
3152101,D,1,HEALTHY,7.25_count ,120,2196
3152101,D,1,DEF    ,DEF_OTH    ,211,61336
3152101,D,1,HEALTHY,HEALTHY_OTH,7930,3089102
3152101,D,1,HEALTHY,,15,16538
3152101,D,3,DEF    ,,3,2072
3152101,D,3,HEALTHY,,73,61816
3152101,I,1,HEALTHY,,2,4531
3152101,I,3,DEF    ,100_count  ,1,22
3152101,I,3,HEALTHY,2.0_norm   ,15,0
3152101,I,3,HEALTHY,3.0_adv    ,1,0
3152101,I,3,HEALTHY,4.0_temp   ,4,0
3152101,I,3,HEALTHY,5.100_count,36,1673
3152101,I,3,HEALTHY,7.500_count,65,16712
3152101,I,3,HEALTHY,HEALTHY_OTH,114,412034
3152101,I,3,DEF    ,,3,5462
3152101,I,3,HEALTHY,,1,27
3152201,C,1,DEF    ,11_count   ,3,13
3152201,C,1,HEALTHY,2.0_norm   ,70,0
3152201,C,1,DEF    ,25_count   ,6,112
3152201,C,1,HEALTHY,3.0_adv    ,119,0
3152201,C,1,HEALTHY,4.0_temp   ,10,0
3152201,C,1,HEALTHY,5.11_count ,77,384
3152201,C,1,DEF    ,50_count   ,4,142
3152201,C,1,HEALTHY,7.25_count ,99,1785
3152201,C,1,DEF    ,DEF_OTH    ,24,5383
3152201,C,1,HEALTHY,HEALTHY_OTH,1101,344604
3152201,C,1,HEALTHY,,1,0
3152201,C,3,HEALTHY,2.0_norm   ,4,0
3152201,C,3,HEALTHY,3.0_adv    ,2,0
3152201,C,3,HEALTHY,4.0_temp   ,1,0
3152201,C,3,HEALTHY,5.100_count,7,308
3152201,C,3,HEALTHY,7.500_count,13,3551
3152201,C,3,HEALTHY,HEALTHY_OTH,50,292479
3152201,C,3,DEF    ,,1,16144
3152201,D,1,DEF    ,11_count   ,10,35
3152201,D,1,HEALTHY,2.0_norm   ,226,0
3152201,D,1,DEF    ,25_count   ,5,77
3152201,D,1,HEALTHY,3.0_adv    ,257,0
3152201,D,1,HEALTHY,4.0_temp   ,64,0
3152201,D,1,HEALTHY,5.11_count ,226,968
3152201,D,1,DEF    ,50_count   ,8,311
3152201,D,1,HEALTHY,7.25_count ,170,3114
3152201,D,1,DEF    ,DEF_OTH    ,213,70981
3152201,D,1,HEALTHY,HEALTHY_OTH,10295,3696354
3152201,D,1,HEALTHY,,3,5203
3152201,D,3,DEF    ,,4,2999
3152201,D,3,HEALTHY,,114,91967
3152201,I,3,HEALTHY,2.0_norm   ,3,0
3152201,I,3,HEALTHY,3.0_adv    ,3,0
3152201,I,3,HEALTHY,5.100_count,27,1338
3152201,I,3,HEALTHY,7.500_count,45,10429
3152201,I,3,HEALTHY,HEALTHY_OTH,47,97608
3152202,C,1,DEF    ,11_count   ,2,10
3152202,C,1,HEALTHY,2.0_norm   ,106,0
3152202,C,1,HEALTHY,3.0_adv    ,2,0
3152202,C,1,HEALTHY,5.11_count ,53,265
3152202,C,1,DEF    ,50_count   ,2,60
3152202,C,1,HEALTHY,7.25_count ,53,941
3152202,C,1,DEF    ,DEF_OTH    ,7,1530
3152202,C,1,HEALTHY,HEALTHY_OTH,573,184819
3152202,C,1,HEALTHY,,1,0
3152202,C,3,DEF    ,100_count  ,1,17
3152202,C,3,HEALTHY,2.0_norm   ,2,0
3152202,C,3,HEALTHY,5.100_count,3,148
3152202,C,3,HEALTHY,7.500_count,5,1389
3152202,C,3,HEALTHY,HEALTHY_OTH,31,120854
3152202,D,1,DEF    ,11_count   ,5,25
3152202,D,1,HEALTHY,2.0_norm   ,272,0
3152202,D,1,DEF    ,25_count   ,2,34
3152202,D,1,HEALTHY,3.0_adv    ,15,0
3152202,D,1,HEALTHY,5.11_count ,140,587
3152202,D,1,DEF    ,50_count   ,2,60
3152202,D,1,HEALTHY,7.25_count ,122,2105
3152202,D,1,DEF    ,DEF_OTH    ,86,35134
3152202,D,1,HEALTHY,HEALTHY_OTH,6321,2392015
3152202,D,1,DEF    ,,1,0
3152202,D,1,HEALTHY,,8,1312
3152202,D,3,DEF    ,,1,228
3152202,D,3,HEALTHY,,62,56974
3152202,I,1,HEALTHY,,2,5188
3152202,I,3,HEALTHY,2.0_norm   ,1,0
3152202,I,3,HEALTHY,5.100_count,18,870
3152202,I,3,HEALTHY,7.500_count,23,4579
3152202,I,3,HEALTHY,HEALTHY_OTH,27,61289
3152203,C,1,HEALTHY,2.0_norm   ,103,0
3152203,C,1,HEALTHY,3.0_adv    ,12,0
3152203,C,1,HEALTHY,4.0_temp   ,9,0
3152203,C,1,HEALTHY,5.11_count ,47,210
3152203,C,1,DEF    ,50_count   ,1,39
3152203,C,1,HEALTHY,7.25_count ,48,868
3152203,C,1,DEF    ,DEF_OTH    ,2,143
3152203,C,1,HEALTHY,HEALTHY_OTH,569,146841
3152203,C,3,HEALTHY,2.0_norm   ,1,0
3152203,C,3,HEALTHY,5.100_count,3,17
3152203,C,3,HEALTHY,7.500_count,3,1382
3152203,C,3,HEALTHY,HEALTHY_OTH,17,155327
3152203,D,1,DEF    ,11_count   ,1,1
3152203,D,1,HEALTHY,2.0_norm   ,145,0
3152203,D,1,HEALTHY,3.0_adv    ,31,0
3152203,D,1,HEALTHY,4.0_temp   ,14,0
3152203,D,1,HEALTHY,5.11_count ,91,389
3152203,D,1,DEF    ,50_count   ,2,64
3152203,D,1,HEALTHY,7.25_count ,55,940
3152203,D,1,DEF    ,DEF_OTH    ,22,10016
3152203,D,1,HEALTHY,HEALTHY_OTH,4334,1659572
3152203,D,1,HEALTHY,,3,6171
3152203,D,3,HEALTHY,,23,19726
3152203,I,1,HEALTHY,,1,0
3152203,I,3,HEALTHY,2.0_norm   ,1,0
3152203,I,3,HEALTHY,4.0_temp   ,1,0
3152203,I,3,HEALTHY,5.100_count,1,56
3152203,I,3,HEALTHY,7.500_count,10,3342
3152203,I,3,HEALTHY,HEALTHY_OTH,27,72894
3152206,C,1,DEF    ,11_count   ,5,41
3152206,C,1,HEALTHY,2.0_norm   ,72,0
3152206,C,1,DEF    ,25_count   ,1,23
3152206,C,1,HEALTHY,4.0_temp   ,6,0
3152206,C,1,HEALTHY,5.11_count ,16,94
3152206,C,1,DEF    ,50_count   ,3,110
3152206,C,1,HEALTHY,7.25_count ,44,849
3152206,C,1,DEF    ,DEF_OTH    ,16,3013
3152206,C,1,HEALTHY,HEALTHY_OTH,408,123300
3152206,C,1,HEALTHY,,1,0
3152206,C,3,HEALTHY,2.0_norm   ,5,0
3152206,C,3,HEALTHY,5.100_count,7,462
3152206,C,3,HEALTHY,7.500_count,10,1996
3152206,C,3,HEALTHY,HEALTHY_OTH,15,103496
3152206,D,1,DEF    ,11_count   ,9,35
3152206,D,1,HEALTHY,2.0_norm   ,283,0
3152206,D,1,DEF    ,25_count   ,8,143
3152206,D,1,HEALTHY,4.0_temp   ,15,0
3152206,D,1,HEALTHY,5.11_count ,56,310
3152206,D,1,DEF    ,50_count   ,17,711
3152206,D,1,HEALTHY,7.25_count ,79,1421
3152206,D,1,DEF    ,DEF_OTH    ,368,84784
3152206,D,1,HEALTHY,HEALTHY_OTH,5607,1540684
3152206,D,1,HEALTHY,,3,2598
3152206,D,3,DEF    ,,1,180
3152206,D,3,HEALTHY,,3,1019
3152206,I,1,HEALTHY,,5,28833
3152206,I,3,HEALTHY,2.0_norm   ,33,0
3152206,I,3,HEALTHY,5.100_count,35,1612
3152206,I,3,HEALTHY,7.500_count,103,28564
3152206,I,3,HEALTHY,HEALTHY_OTH,320,1407118
3152206,I,3,DEF    ,,2,10318
3152301,C,1,DEF    ,11_count   ,2,7
3152301,C,1,HEALTHY,2.0_norm   ,97,0
3152301,C,1,HEALTHY,4.0_temp   ,4,0
3152301,C,1,HEALTHY,5.11_count ,48,226
3152301,C,1,HEALTHY,7.25_count ,39,713
3152301,C,1,DEF    ,DEF_OTH    ,2,348
3152301,C,1,HEALTHY,HEALTHY_OTH,410,104862
3152301,C,1,DEF    ,,1,1948
3152301,C,3,HEALTHY,2.0_norm   ,3,0
3152301,C,3,HEALTHY,5.100_count,6,270
3152301,C,3,HEALTHY,7.500_count,3,996
3152301,C,3,HEALTHY,HEALTHY_OTH,17,59105
3152301,D,1,DEF    ,11_count   ,7,15
3152301,D,1,HEALTHY,2.0_norm   ,201,0
3152301,D,1,DEF    ,25_count   ,2,44
3152301,D,1,HEALTHY,3.0_adv    ,1,0
3152301,D,1,HEALTHY,4.0_temp   ,7,0
3152301,D,1,HEALTHY,5.11_count ,106,480
3152301,D,1,DEF    ,50_count   ,3,115
3152301,D,1,HEALTHY,7.25_count ,70,1275
3152301,D,1,DEF    ,DEF_OTH    ,79,34619
3152301,D,1,HEALTHY,HEALTHY_OTH,4676,1998326
3152301,D,1,HEALTHY,,6,2120
3152301,D,3,HEALTHY,,45,28715
3152301,I,3,HEALTHY,2.0_norm   ,1,0
3152301,I,3,HEALTHY,4.0_temp   ,2,0
3152301,I,3,HEALTHY,5.100_count,5,188
3152301,I,3,HEALTHY,7.500_count,11,2520
3152301,I,3,HEALTHY,HEALTHY_OTH,10,21916
3152302,C,1,DEF    ,11_count   ,3,26
3152302,C,1,HEALTHY,2.0_norm   ,92,0
3152302,C,1,DEF    ,25_count   ,5,89
3152302,C,1,HEALTHY,3.0_adv    ,17,0
3152302,C,1,HEALTHY,5.11_count ,52,250
3152302,C,1,DEF    ,50_count   ,2,77
3152302,C,1,HEALTHY,7.25_count ,57,1063
3152302,C,1,DEF    ,DEF_OTH    ,24,5573
3152302,C,1,HEALTHY,HEALTHY_OTH,624,167009
3152302,C,1,HEALTHY,,1,439
3152302,C,3,HEALTHY,2.0_norm   ,2,0
3152302,C,3,HEALTHY,3.0_adv    ,1,0
3152302,C,3,HEALTHY,5.100_count,5,234
3152302,C,3,HEALTHY,7.500_count,6,1943
3152302,C,3,HEALTHY,HEALTHY_OTH,69,311041
3152302,C,3,DEF    ,,2,4714
3152302,C,3,HEALTHY,,1,2241
3152302,D,1,DEF    ,11_count   ,8,44
3152302,D,1,HEALTHY,2.0_norm   ,351,0
3152302,D,1,DEF    ,25_count   ,8,131
3152302,D,1,HEALTHY,3.0_adv    ,80,0
3152302,D,1,HEALTHY,5.11_count ,136,683
3152302,D,1,DEF    ,50_count   ,9,329
3152302,D,1,HEALTHY,7.25_count ,124,2229
3152302,D,1,DEF    ,DEF_OTH    ,403,131090
3152302,D,1,HEALTHY,HEALTHY_OTH,11065,4046135
3152302,D,1,HEALTHY,,8,11595
3152302,D,3,HEALTHY,,38,32873
3152302,I,3,HEALTHY,2.0_norm   ,1,0
3152302,I,3,HEALTHY,3.0_adv    ,4,0
3152302,I,3,HEALTHY,5.100_count,25,1153
3152302,I,3,HEALTHY,7.500_count,49,11784
3152302,I,3,HEALTHY,HEALTHY_OTH,67,217307
3152303,C,1,HEALTHY,2.0_norm   ,95,0
3152303,C,1,HEALTHY,3.0_adv    ,6,0
3152303,C,1,HEALTHY,5.11_count ,33,168
3152303,C,1,HEALTHY,7.25_count ,30,545
3152303,C,1,DEF    ,DEF_OTH    ,9,2055
3152303,C,1,HEALTHY,HEALTHY_OTH,354,93674
3152303,C,1,HEALTHY,,2,3843
3152303,C,3,HEALTHY,2.0_norm   ,1,0
3152303,C,3,HEALTHY,5.100_count,1,19
3152303,C,3,HEALTHY,7.500_count,3,516
3152303,C,3,HEALTHY,HEALTHY_OTH,24,150586
3152303,D,1,DEF    ,11_count   ,5,16
3152303,D,1,HEALTHY,2.0_norm   ,234,0
3152303,D,1,DEF    ,25_count   ,2,35
3152303,D,1,HEALTHY,3.0_adv    ,9,0
3152303,D,1,HEALTHY,4.0_temp   ,4,0
3152303,D,1,HEALTHY,5.11_count ,74,340
3152303,D,1,DEF    ,50_count   ,2,65
3152303,D,1,HEALTHY,7.25_count ,57,964
3152303,D,1,DEF    ,DEF_OTH    ,139,39843
3152303,D,1,HEALTHY,HEALTHY_OTH,4721,1661330
3152303,D,1,HEALTHY,,8,6552
3152303,D,3,HEALTHY,,35,21646
3152303,I,3,HEALTHY,2.0_norm   ,7,0
3152303,I,3,HEALTHY,4.0_temp   ,2,0
3152303,I,3,HEALTHY,5.100_count,26,1476
3152303,I,3,HEALTHY,7.500_count,33,9930
3152303,I,3,HEALTHY,HEALTHY_OTH,33,66458
3152400,C,1,DEF    ,11_count   ,3,5
3152400,C,1,HEALTHY,2.0_norm   ,172,0
3152400,C,1,DEF    ,25_count   ,2,36
3152400,C,1,HEALTHY,3.0_adv    ,2,0
3152400,C,1,HEALTHY,4.0_temp   ,6,0
3152400,C,1,HEALTHY,5.11_count ,62,349
3152400,C,1,DEF    ,50_count   ,4,160
3152400,C,1,HEALTHY,7.25_count ,63,1155
3152400,C,1,DEF    ,DEF_OTH    ,27,6210
3152400,C,1,HEALTHY,HEALTHY_OTH,879,288871
3152400,C,1,DEF    ,,1,157
3152400,C,1,HEALTHY,,4,2719
3152400,C,3,HEALTHY,2.0_norm   ,2,0
3152400,C,3,HEALTHY,5.100_count,2,55
3152400,C,3,HEALTHY,7.500_count,2,458
3152400,C,3,HEALTHY,HEALTHY_OTH,19,112773
3152400,D,1,DEF    ,11_count   ,8,27
3152400,D,1,HEALTHY,2.0_norm   ,366,0
3152400,D,1,DEF    ,25_count   ,2,43
3152400,D,1,HEALTHY,3.0_adv    ,1,0
3152400,D,1,HEALTHY,4.0_temp   ,12,0
3152400,D,1,HEALTHY,5.11_count ,133,595
3152400,D,1,DEF    ,50_count   ,8,297
3152400,D,1,HEALTHY,7.25_count ,100,1789
3152400,D,1,DEF    ,DEF_OTH    ,202,64975
3152400,D,1,HEALTHY,HEALTHY_OTH,7717,2737931
3152400,D,1,DEF    ,,1,27
3152400,D,1,HEALTHY,,6,10924
3152400,D,3,HEALTHY,,16,13883
3152400,I,1,HEALTHY,,4,3960
3152400,I,3,HEALTHY,2.0_norm   ,6,0
3152400,I,3,HEALTHY,5.100_count,18,1039
3152400,I,3,HEALTHY,7.500_count,50,12939
3152400,I,3,HEALTHY,HEALTHY_OTH,82,242447
3152400,I,3,DEF    ,,1,3755
3152500,C,1,DEF    ,11_count   ,4,17
3152500,C,1,HEALTHY,11_count   ,1,0
3152500,C,1,HEALTHY,2.0_norm   ,178,0
3152500,C,1,DEF    ,25_count   ,3,53
3152500,C,1,HEALTHY,3.0_adv    ,53,0
3152500,C,1,HEALTHY,4.0_temp   ,24,0
3152500,C,1,HEALTHY,5.11_count ,67,294
3152500,C,1,DEF    ,50_count   ,6,239
3152500,C,1,HEALTHY,7.25_count ,65,1169
3152500,C,1,DEF    ,DEF_OTH    ,36,11410
3152500,C,1,HEALTHY,DEF_OTH    ,1,29598
3152500,C,1,HEALTHY,HEALTHY_OTH,1003,339051
3152500,C,1,HEALTHY,,2,410
3152500,C,3,DEF    ,100_count  ,1,14
3152500,C,3,HEALTHY,2.0_norm   ,8,0
3152500,C,3,DEF    ,250_count  ,1,155
3152500,C,3,HEALTHY,3.0_adv    ,1,0
3152500,C,3,HEALTHY,4.0_temp   ,2,0
3152500,C,3,HEALTHY,5.100_count,8,329.5
3152500,C,3,DEF    ,500_count  ,1,440
3152500,C,3,HEALTHY,7.500_count,23,6891
3152500,C,3,HEALTHY,HEALTHY_OTH,130,700249
3152500,C,3,DEF    ,,5,24726
3152500,D,1,DEF    ,11_count   ,4,23
3152500,D,1,HEALTHY,2.0_norm   ,257,0
3152500,D,1,DEF    ,25_count   ,6,110
3152500,D,1,HEALTHY,3.0_adv    ,109,0
3152500,D,1,HEALTHY,4.0_temp   ,13,0
3152500,D,1,HEALTHY,5.11_count ,120,513
3152500,D,1,DEF    ,50_count   ,10,390
3152500,D,1,HEALTHY,7.25_count ,85,1493
3152500,D,1,DEF    ,DEF_OTH    ,173,57086
3152500,D,1,HEALTHY,DEF_OTH    ,1,6534
3152500,D,1,HEALTHY,HEALTHY_OTH,4867,1949958.2
3152500,D,1,HEALTHY,,9,9268
3152500,D,3,DEF    ,,8,7620
3152500,D,3,HEALTHY,,60,71088
3152500,I,3,HEALTHY,2.0_norm   ,1,0
3152500,I,3,HEALTHY,3.0_adv    ,6,0
3152500,I,3,HEALTHY,5.100_count,17,828
3152500,I,3,HEALTHY,7.500_count,41,10079
3152500,I,3,HEALTHY,HEALTHY_OTH,25,30084
3153101,C,1,DEF    ,11_count   ,14,56
3153101,C,1,HEALTHY,2.0_norm   ,130,0
3153101,C,1,DEF    ,25_count   ,15,269
3153101,C,1,HEALTHY,3.0_adv    ,142,0
3153101,C,1,HEALTHY,4.0_temp   ,67,0
3153101,C,1,HEALTHY,5.11_count ,117,614.4
3153101,C,1,DEF    ,50_count   ,24,867
3153101,C,1,HEALTHY,7.25_count ,185,3339
3153101,C,1,DEF    ,DEF_OTH    ,110,24792
3153101,C,1,HEALTHY,HEALTHY_OTH,1448,329662
3153101,C,1,HEALTHY,,1,0
3153101,C,3,HEALTHY,2.0_norm   ,1,0
3153101,C,3,HEALTHY,5.100_count,2,38
3153101,C,3,HEALTHY,7.500_count,3,723
3153101,C,3,HEALTHY,HEALTHY_OTH,20,140304
3153101,C,3,DEF    ,,1,1320
3153101,D,1,DEF    ,11_count   ,127,582
3153101,D,1,HEALTHY,11_count   ,1,0
3153101,D,1,HEALTHY,2.0_norm   ,306,0
3153101,D,1,DEF    ,25_count   ,153,2700
3153101,D,1,HEALTHY,3.0_adv    ,231,0
3153101,D,1,HEALTHY,4.0_temp   ,90,0
3153101,D,1,HEALTHY,5.11_count ,229,1199
3153101,D,1,DEF    ,50_count   ,373,14853
3153101,D,1,HEALTHY,7.25_count ,474,8831
3153101,D,1,DEF    ,DEF_OTH    ,942,124689
3153101,D,1,HEALTHY,DEF_OTH    ,1,10953
3153101,D,1,HEALTHY,HEALTHY_OTH,11827,1566761
3153101,D,1,HEALTHY,,2,288
3153101,D,3,DEF    ,,1,77
3153101,D,3,HEALTHY,,4,7527
3153101,I,1,HEALTHY,,2,482
3153101,I,3,DEF    ,100_count  ,1,3
3153101,I,3,HEALTHY,2.0_norm   ,8,0
3153101,I,3,HEALTHY,3.0_adv    ,3,0
3153101,I,3,HEALTHY,4.0_temp   ,5,0
3153101,I,3,HEALTHY,5.100_count,55,2843
3153101,I,3,HEALTHY,7.500_count,90,21012
3153101,I,3,HEALTHY,HEALTHY_OTH,67,96226
3153103,C,1,DEF    ,11_count   ,4,16
3153103,C,1,HEALTHY,2.0_norm   ,195,0
3153103,C,1,DEF    ,25_count   ,1,17
3153103,C,1,HEALTHY,3.0_adv    ,9,0
3153103,C,1,HEALTHY,4.0_temp   ,34,0
3153103,C,1,HEALTHY,5.11_count ,88,458
3153103,C,1,DEF    ,50_count   ,7,275
3153103,C,1,HEALTHY,7.25_count ,140,2570
3153103,C,1,DEF    ,DEF_OTH    ,24,10200
3153103,C,1,HEALTHY,HEALTHY_OTH,1573,553596
3153103,C,1,HEALTHY,,2,1618
3153103,C,3,HEALTHY,2.0_norm   ,9,0
3153103,C,3,HEALTHY,5.100_count,6,327
3153103,C,3,DEF    ,500_count  ,1,473
3153103,C,3,HEALTHY,7.500_count,34,10778.3
3153103,C,3,HEALTHY,HEALTHY_OTH,138,789020
3153103,C,3,DEF    ,,2,18787
3153103,D,1,DEF    ,11_count   ,34,181
3153103,D,1,HEALTHY,2.0_norm   ,538,0
3153103,D,1,DEF    ,25_count   ,16,321
3153103,D,1,HEALTHY,3.0_adv    ,58,0
3153103,D,1,HEALTHY,4.0_temp   ,108,0
3153103,D,1,HEALTHY,5.11_count ,301,1602
3153103,D,1,DEF    ,50_count   ,63,2436
3153103,D,1,HEALTHY,7.25_count ,285,5113
3153103,D,1,DEF    ,DEF_OTH    ,553,131366
3153103,D,1,HEALTHY,HEALTHY_OTH,17065,4670054
3153103,D,1,DEF    ,,1,368
3153103,D,1,HEALTHY,,10,10068
3153103,D,3,DEF    ,,3,2434
3153103,D,3,HEALTHY,,52,83043
3153103,I,3,DEF    ,100_count  ,2,73
3153103,I,3,HEALTHY,2.0_norm   ,28,0
3153103,I,3,DEF    ,250_count  ,1,187
3153103,I,3,HEALTHY,4.0_temp   ,6,0
3153103,I,3,HEALTHY,5.100_count,58,2940
3153103,I,3,HEALTHY,7.500_count,117,28657
3153103,I,3,HEALTHY,HEALTHY_OTH,290,1125817
3153103,I,3,DEF    ,,2,7240
3153103,I,3,HEALTHY,,4,0
3153104,C,1,DEF    ,11_count   ,8,47
3153104,C,1,HEALTHY,2.0_norm   ,314,0
3153104,C,1,DEF    ,25_count   ,12,232
3153104,C,1,HEALTHY,3.0_adv    ,50,0
3153104,C,1,HEALTHY,4.0_temp   ,3,0
3153104,C,1,HEALTHY,5.11_count ,106,567
3153104,C,1,DEF    ,50_count   ,22,908
3153104,C,1,HEALTHY,7.25_count ,164,3004
3153104,C,1,DEF    ,DEF_OTH    ,64,14270
3153104,C,1,HEALTHY,HEALTHY_OTH,1689,380218
3153104,C,1,HEALTHY,,3,2254
3153104,C,3,HEALTHY,2.0_norm   ,2,0
3153104,C,3,HEALTHY,5.100_count,9,357
3153104,C,3,HEALTHY,7.500_count,3,926
3153104,C,3,HEALTHY,HEALTHY_OTH,42,351155
3153104,C,3,DEF    ,,2,2901
3153104,C,3,HEALTHY,,1,24261
3153104,D,1,DEF    ,11_count   ,72,334
3153104,D,1,HEALTHY,2.0_norm   ,917,0
3153104,D,1,DEF    ,25_count   ,80,1430
3153104,D,1,HEALTHY,3.0_adv    ,55,0
3153104,D,1,HEALTHY,4.0_temp   ,2,0
3153104,D,1,HEALTHY,5.11_count ,276,1435
3153104,D,1,DEF    ,50_count   ,220,8495
3153104,D,1,HEALTHY,7.25_count ,494,9170
3153104,D,1,DEF    ,DEF_OTH    ,896,126715
3153104,D,1,HEALTHY,HEALTHY_OTH,17868,2761198
3153104,D,1,DEF    ,,1,732
3153104,D,1,HEALTHY,,7,2158
3153104,D,3,HEALTHY,,2,3124
3153104,I,3,DEF    ,100_count  ,3,150
3153104,I,3,HEALTHY,2.0_norm   ,91,0
3153104,I,3,DEF    ,250_count  ,3,550
3153104,I,3,HEALTHY,4.0_temp   ,44,0
3153104,I,3,HEALTHY,5.100_count,46,2421
3153104,I,3,HEALTHY,7.500_count,112,30488
3153104,I,3,HEALTHY,HEALTHY_OTH,108,303428
3153104,I,3,DEF    ,,1,1596
3153104,I,3,HEALTHY,,3,0
3153105,C,1,DEF    ,11_count   ,15,74
3153105,C,1,HEALTHY,2.0_norm   ,193,0
3153105,C,1,DEF    ,25_count   ,15,268
3153105,C,1,HEALTHY,4.0_temp   ,16,0
3153105,C,1,HEALTHY,5.11_count ,116,682
3153105,C,1,DEF    ,50_count   ,14,530
3153105,C,1,HEALTHY,7.25_count ,169,3047
3153105,C,1,DEF    ,DEF_OTH    ,64,20236
3153105,C,1,HEALTHY,HEALTHY_OTH,1459,411061
3153105,C,1,HEALTHY,,2,1400
3153105,C,3,HEALTHY,2.0_norm   ,1,0
3153105,C,3,HEALTHY,5.100_count,1,16.13
3153105,C,3,HEALTHY,7.500_count,4,970
3153105,C,3,HEALTHY,HEALTHY_OTH,39,231333
3153105,C,3,DEF    ,,2,1786
3153105,C,3,HEALTHY,,3,4286
3153105,D,1,DEF    ,11_count   ,53,188
3153105,D,1,HEALTHY,2.0_norm   ,271,0
3153105,D,1,DEF    ,25_count   ,27,481
3153105,D,1,HEALTHY,4.0_temp   ,13,0
3153105,D,1,HEALTHY,5.11_count ,160,850
3153105,D,1,DEF    ,50_count   ,80,3160
3153105,D,1,HEALTHY,7.25_count ,300,5566.01
3153105,D,1,DEF    ,DEF_OTH    ,452,69426
3153105,D,1,HEALTHY,HEALTHY_OTH,11473,1945486
3153105,D,1,HEALTHY,,6,2298
3153105,D,3,HEALTHY,,8,5178
3153105,I,3,DEF    ,100_count  ,1,51
3153105,I,3,HEALTHY,2.0_norm   ,5,0
3153105,I,3,HEALTHY,5.100_count,47,2625
3153105,I,3,HEALTHY,7.500_count,75,17881
3153105,I,3,HEALTHY,HEALTHY_OTH,85,229247
3153105,I,3,DEF    ,,2,1152
3153401,C,1,DEF    ,11_count   ,7,22
3153401,C,1,HEALTHY,2.0_norm   ,331,0
3153401,C,1,DEF    ,25_count   ,7,120
3153401,C,1,HEALTHY,4.0_temp   ,1,0
3153401,C,1,HEALTHY,5.11_count ,183,819
3153401,C,1,DEF    ,50_count   ,12,390
3153401,C,1,HEALTHY,7.25_count ,183,3177
3153401,C,1,DEF    ,DEF_OTH    ,102,36477
3153401,C,1,HEALTHY,HEALTHY_OTH,2427,778483
3153401,C,1,HEALTHY,,5,13207
3153401,C,3,HEALTHY,2.0_norm   ,21,0
3153401,C,3,DEF    ,250_count  ,1,230
3153401,C,3,HEALTHY,5.100_count,17,813
3153401,C,3,DEF    ,500_count  ,1,454
3153401,C,3,HEALTHY,7.500_count,22,6273
3153401,C,3,HEALTHY,HEALTHY_OTH,254,1224385
3153401,C,3,DEF    ,,9,42519
3153401,D,1,DEF    ,11_count   ,13,45
3153401,D,1,HEALTHY,2.0_norm   ,548,0
3153401,D,1,DEF    ,25_count   ,4,81
3153401,D,1,HEALTHY,5.11_count ,231,998
3153401,D,1,DEF    ,50_count   ,7,275
3153401,D,1,HEALTHY,7.25_count ,173,3101
3153401,D,1,DEF    ,DEF_OTH    ,268,99173
3153401,D,1,HEALTHY,HEALTHY_OTH,8316,3466639
3153401,D,1,DEF    ,,1,3908
3153401,D,1,HEALTHY,,8,2019
3153401,D,3,DEF    ,,3,762
3153401,D,3,HEALTHY,,106,85819
3153401,I,3,DEF    ,100_count  ,1,69
3153401,I,3,HEALTHY,2.0_norm   ,3,0
3153401,I,3,HEALTHY,5.100_count,21,1361
3153401,I,3,DEF    ,500_count  ,1,460
3153401,I,3,HEALTHY,7.500_count,42,9761
3153401,I,3,HEALTHY,HEALTHY_OTH,45,101448
3153401,I,3,DEF    ,,1,781
3153402,C,1,DEF    ,11_count   ,3,16
3153402,C,1,HEALTHY,2.0_norm   ,122,0
3153402,C,1,DEF    ,25_count   ,4,56
3153402,C,1,HEALTHY,5.11_count ,46,213
3153402,C,1,DEF    ,50_count   ,4,138
3153402,C,1,HEALTHY,7.25_count ,48,857
3153402,C,1,DEF    ,DEF_OTH    ,28,7717
3153402,C,1,HEALTHY,HEALTHY_OTH,695,236426
3153402,C,3,HEALTHY,2.0_norm   ,3,0
3153402,C,3,HEALTHY,4.0_temp   ,1,0
3153402,C,3,HEALTHY,5.100_count,3,181
3153402,C,3,HEALTHY,7.500_count,9,2662.5
3153402,C,3,HEALTHY,HEALTHY_OTH,69,370003
3153402,C,3,DEF    ,,2,7617
3153402,D,1,DEF    ,11_count   ,6,16
3153402,D,1,HEALTHY,2.0_norm   ,313,0
3153402,D,1,DEF    ,25_count   ,10,177
3153402,D,1,HEALTHY,4.0_temp   ,21,0
3153402,D,1,HEALTHY,5.11_count ,134,593
3153402,D,1,DEF    ,50_count   ,6,244
3153402,D,1,HEALTHY,7.25_count ,105,1800
3153402,D,1,DEF    ,DEF_OTH    ,326,96495
3153402,D,1,HEALTHY,HEALTHY_OTH,8376,3169229
3153402,D,1,HEALTHY,,6,12267
3153402,D,3,DEF    ,,1,410
3153402,D,3,HEALTHY,,56,47435
3153402,I,3,HEALTHY,2.0_norm   ,9,0
3153402,I,3,HEALTHY,4.0_temp   ,3,0
3153402,I,3,HEALTHY,5.100_count,29,1602
3153402,I,3,HEALTHY,7.500_count,42,10634
3153402,I,3,HEALTHY,HEALTHY_OTH,92,279910
3153402,I,3,DEF    ,,1,913
3153403,C,1,DEF    ,11_count   ,9,38
3153403,C,1,HEALTHY,2.0_norm   ,221,0
3153403,C,1,DEF    ,25_count   ,6,112
3153403,C,1,HEALTHY,3.0_adv    ,46,0
3153403,C,1,HEALTHY,4.0_temp   ,8,0
3153403,C,1,HEALTHY,5.11_count ,134,682
3153403,C,1,DEF    ,50_count   ,9,327
3153403,C,1,HEALTHY,7.25_count ,140,2471
3153403,C,1,DEF    ,DEF_OTH    ,41,13195
3153403,C,1,HEALTHY,HEALTHY_OTH,1973,668355
3153403,C,1,HEALTHY,,4,368
3153403,C,3,HEALTHY,2.0_norm   ,5,0
3153403,C,3,HEALTHY,4.0_temp   ,2,0
3153403,C,3,HEALTHY,5.100_count,9,242
3153403,C,3,HEALTHY,7.500_count,28,7380
3153403,C,3,HEALTHY,HEALTHY_OTH,156,756509.2
3153403,C,3,DEF    ,,3,105356
3153403,C,3,HEALTHY,,1,7576
3153403,D,1,DEF    ,11_count   ,9,45
3153403,D,1,HEALTHY,2.0_norm   ,554,0
3153403,D,1,DEF    ,25_count   ,11,206
3153403,D,1,HEALTHY,3.0_adv    ,26,0
3153403,D,1,HEALTHY,4.0_temp   ,21,0
3153403,D,1,HEALTHY,5.11_count ,292,1420
3153403,D,1,DEF    ,50_count   ,5,176
3153403,D,1,HEALTHY,7.25_count ,194,3448
3153403,D,1,DEF    ,DEF_OTH    ,193,71517
3153403,D,1,HEALTHY,HEALTHY_OTH,11419,4363163
3153403,D,1,HEALTHY,,8,11590
3153403,D,3,DEF    ,,1,2
3153403,D,3,HEALTHY,,123,151023
3153403,I,1,HEALTHY,,1,205
3153403,I,3,HEALTHY,2.0_norm   ,31,0
3153403,I,3,HEALTHY,4.0_temp   ,1,0
3153403,I,3,HEALTHY,5.100_count,46,2171
3153403,I,3,DEF    ,500_count  ,1,358
3153403,I,3,HEALTHY,7.500_count,99,25551
3153403,I,3,HEALTHY,HEALTHY_OTH,200,696034
3153403,I,3,HEALTHY,,4,8083
3153404,C,1,DEF    ,11_count   ,6,43
3153404,C,1,HEALTHY,2.0_norm   ,38,0
3153404,C,1,DEF    ,25_count   ,4,79
3153404,C,1,HEALTHY,3.0_adv    ,126,0
3153404,C,1,HEALTHY,4.0_temp   ,1,0
3153404,C,1,HEALTHY,5.11_count ,90,515
3153404,C,1,DEF    ,50_count   ,13,469
3153404,C,1,HEALTHY,7.25_count ,117,2076
3153404,C,1,DEF    ,DEF_OTH    ,39,7186
3153404,C,1,HEALTHY,DEF_OTH    ,1,3223
3153404,C,1,HEALTHY,HEALTHY_OTH,1315,396943.6
3153404,C,1,HEALTHY,,6,244
3153404,C,3,HEALTHY,2.0_norm   ,6,0
3153404,C,3,HEALTHY,3.0_adv    ,1,0
3153404,C,3,HEALTHY,5.100_count,2,40
3153404,C,3,HEALTHY,7.500_count,11,2758
3153404,C,3,HEALTHY,HEALTHY_OTH,75,596376
3153404,C,3,DEF    ,,1,3076
3153404,C,3,HEALTHY,,1,0
3153404,D,1,DEF    ,11_count   ,10,51
3153404,D,1,HEALTHY,2.0_norm   ,94,0
3153404,D,1,DEF    ,25_count   ,16,285
3153404,D,1,HEALTHY,3.0_adv    ,180,0
3153404,D,1,HEALTHY,4.0_temp   ,4,0
3153404,D,1,HEALTHY,5.11_count ,147,681
3153404,D,1,DEF    ,50_count   ,29,1128
3153404,D,1,HEALTHY,7.25_count ,182,3290
3153404,D,1,DEF    ,DEF_OTH    ,446,93449
3153404,D,1,HEALTHY,DEF_OTH    ,1,958
3153404,D,1,HEALTHY,HEALTHY_OTH,9829,2449219
3153404,D,1,DEF    ,,2,448
3153404,D,1,HEALTHY,,8,3953
3153404,D,3,HEALTHY,,8,15582
3153404,I,1,HEALTHY,,1,280
3153404,I,3,HEALTHY,2.0_norm   ,1,0
3153404,I,3,DEF    ,250_count  ,2,265
3153404,I,3,HEALTHY,3.0_adv    ,5,0
3153404,I,3,HEALTHY,4.0_temp   ,3,0
3153404,I,3,HEALTHY,5.100_count,27,1583
3153404,I,3,HEALTHY,7.500_count,79,19083
3153404,I,3,HEALTHY,HEALTHY_OTH,81,237179
3153404,I,3,HEALTHY,,2,1185
3153500,C,1,DEF    ,11_count   ,5,30
3153500,C,1,HEALTHY,2.0_norm   ,200,0
3153500,C,1,DEF    ,25_count   ,3,52
3153500,C,1,HEALTHY,3.0_adv    ,6,0
3153500,C,1,HEALTHY,4.0_temp   ,1,0
3153500,C,1,HEALTHY,5.11_count ,89,450
3153500,C,1,DEF    ,50_count   ,3,111
3153500,C,1,HEALTHY,7.25_count ,116,2136
3153500,C,1,DEF    ,DEF_OTH    ,35,23191
3153500,C,1,HEALTHY,DEF_OTH    ,1,1080
3153500,C,1,HEALTHY,HEALTHY_OTH,1262,445463.7
3153500,C,3,HEALTHY,2.0_norm   ,4,0
3153500,C,3,HEALTHY,4.0_temp   ,2,0
3153500,C,3,HEALTHY,5.100_count,6,206
3153500,C,3,DEF    ,500_count  ,1,441
3153500,C,3,HEALTHY,7.500_count,5,1191.1
3153500,C,3,HEALTHY,HEALTHY_OTH,67,453708
3153500,C,3,DEF    ,,1,1444
3153500,D,1,DEF    ,11_count   ,9,33
3153500,D,1,HEALTHY,2.0_norm   ,449,0
3153500,D,1,DEF    ,25_count   ,11,186
3153500,D,1,HEALTHY,3.0_adv    ,29,0
3153500,D,1,HEALTHY,4.0_temp   ,1,0
3153500,D,1,HEALTHY,5.11_count ,188,885
3153500,D,1,DEF    ,50_count   ,13,537
3153500,D,1,HEALTHY,7.25_count ,145,2674
3153500,D,1,DEF    ,DEF_OTH    ,318,89265
3153500,D,1,HEALTHY,HEALTHY_OTH,9386,2960860
3153500,D,1,HEALTHY,,6,1288
3153500,D,3,DEF    ,,4,1786
3153500,D,3,HEALTHY,,40,40764
3153500,I,1,HEALTHY,,1,0
3153500,I,3,HEALTHY,2.0_norm   ,6,0
3153500,I,3,HEALTHY,4.0_temp   ,1,0
3153500,I,3,HEALTHY,5.100_count,36,2085
3153500,I,3,HEALTHY,7.500_count,71,18064
3153500,I,3,HEALTHY,HEALTHY_OTH,55,126201
3153600,C,1,DEF    ,11_count   ,4,15
3153600,C,1,HEALTHY,2.0_norm   ,195,0
3153600,C,1,DEF    ,25_count   ,3,60
3153600,C,1,HEALTHY,3.0_adv    ,3,0
3153600,C,1,HEALTHY,4.0_temp   ,5,0
3153600,C,1,HEALTHY,5.11_count ,58,305
3153600,C,1,DEF    ,50_count   ,8,333
3153600,C,1,HEALTHY,7.25_count ,95,1666
3153600,C,1,DEF    ,DEF_OTH    ,25,5217
3153600,C,1,HEALTHY,HEALTHY_OTH,1001,282658
3153600,C,1,HEALTHY,,1,795
3153600,C,3,HEALTHY,2.0_norm   ,7,0
3153600,C,3,HEALTHY,5.100_count,7,368.9
3153600,C,3,HEALTHY,7.500_count,17,4887
3153600,C,3,HEALTHY,HEALTHY_OTH,54,247959
3153600,D,1,DEF    ,11_count   ,7,36
3153600,D,1,HEALTHY,2.0_norm   ,301,0
3153600,D,1,DEF    ,25_count   ,5,108
3153600,D,1,HEALTHY,3.0_adv    ,4,0
3153600,D,1,HEALTHY,4.0_temp   ,35,0
3153600,D,1,HEALTHY,5.11_count ,131,552
3153600,D,1,DEF    ,50_count   ,6,234
3153600,D,1,HEALTHY,7.25_count ,124,2176
3153600,D,1,DEF    ,DEF_OTH    ,274,82851
3153600,D,1,HEALTHY,HEALTHY_OTH,8096,2937497
3153600,D,1,DEF    ,,1,639
3153600,D,1,HEALTHY,,13,15403
3153600,D,3,DEF    ,,3,3341
3153600,D,3,HEALTHY,,49,40974
3153600,I,3,HEALTHY,2.0_norm   ,12,0
3153600,I,3,HEALTHY,4.0_temp   ,4,0
3153600,I,3,HEALTHY,5.100_count,18,957
3153600,I,3,HEALTHY,7.500_count,70,15942
3153600,I,3,HEALTHY,HEALTHY_OTH,74,245566
3153700,C,1,DEF    ,11_count   ,8,37
3153700,C,1,HEALTHY,11_count   ,1,0
3153700,C,1,HEALTHY,2.0_norm   ,159,0
3153700,C,1,DEF    ,25_count   ,23,417
3153700,C,1,HEALTHY,4.0_temp   ,11,0
3153700,C,1,HEALTHY,5.11_count ,95,526
3153700,C,1,DEF    ,50_count   ,17,642
3153700,C,1,HEALTHY,7.25_count ,163,2878
3153700,C,1,DEF    ,DEF_OTH    ,52,11412
3153700,C,1,HEALTHY,HEALTHY_OTH,1166,239498
3153700,C,1,DEF    ,,1,663
3153700,C,1,HEALTHY,,1,0
3153700,C,3,HEALTHY,2.0_norm   ,4,0
3153700,C,3,HEALTHY,5.100_count,1,35
3153700,C,3,HEALTHY,7.500_count,4,1061
3153700,C,3,HEALTHY,HEALTHY_OTH,30,170109
3153700,C,3,DEF    ,,1,6108
3153700,D,1,DEF    ,11_count   ,56,248
3153700,D,1,HEALTHY,2.0_norm   ,362,0
3153700,D,1,DEF    ,25_count   ,90,1637
3153700,D,1,HEALTHY,3.0_adv    ,1,0
3153700,D,1,HEALTHY,4.0_temp   ,37,0
3153700,D,1,HEALTHY,5.11_count ,196,1230
3153700,D,1,DEF    ,50_count   ,213,8106
3153700,D,1,HEALTHY,7.25_count ,440,8216
3153700,D,1,DEF    ,DEF_OTH    ,521,65686
3153700,D,1,HEALTHY,HEALTHY_OTH,11669,1660254
3153700,D,1,DEF    ,,1,60
3153700,D,1,HEALTHY,,10,9288
3153700,D,3,DEF    ,,1,35
3153700,D,3,HEALTHY,,4,1643
3153700,I,3,HEALTHY,2.0_norm   ,8,0
3153700,I,3,HEALTHY,5.100_count,38,1918
3153700,I,3,HEALTHY,7.500_count,56,13185
3153700,I,3,HEALTHY,HEALTHY_OTH,81,221615
3155300,C,1,HEALTHY,2.0_norm   ,83,0
3155300,C,1,DEF    ,25_count   ,2,48
3155300,C,1,HEALTHY,3.0_adv    ,8,0
3155300,C,1,HEALTHY,4.0_temp   ,16,0
3155300,C,1,HEALTHY,5.11_count ,83,466
3155300,C,1,DEF    ,50_count   ,1,34
3155300,C,1,HEALTHY,7.25_count ,116,2035
3155300,C,1,DEF    ,DEF_OTH    ,17,3939
3155300,C,1,HEALTHY,HEALTHY_OTH,672,127341
3155300,C,1,HEALTHY,,2,44
3155300,C,3,HEALTHY,3.0_adv    ,1,0
3155300,C,3,HEALTHY,4.0_temp   ,1,0
3155300,C,3,HEALTHY,5.100_count,2,137
3155300,C,3,HEALTHY,7.500_count,12,3439
3155300,C,3,HEALTHY,HEALTHY_OTH,47,245698
3155300,C,3,HEALTHY,,1,0
3155300,D,1,DEF    ,11_count   ,4,21
3155300,D,1,HEALTHY,2.0_norm   ,379,0
3155300,D,1,DEF    ,25_count   ,3,58
3155300,D,1,HEALTHY,3.0_adv    ,38,0
3155300,D,1,HEALTHY,4.0_temp   ,68,0
3155300,D,1,HEALTHY,5.11_count ,251,1197
3155300,D,1,DEF    ,50_count   ,16,654
3155300,D,1,HEALTHY,7.25_count ,226,4051
3155300,D,1,DEF    ,DEF_OTH    ,205,51540
3155300,D,1,HEALTHY,HEALTHY_OTH,10950,2990739.88
3155300,D,1,DEF    ,,2,823
3155300,D,1,HEALTHY,,15,5613.33
3155300,D,3,HEALTHY,,8,4477
3155300,I,3,DEF    ,100_count  ,2,108
3155300,I,3,HEALTHY,2.0_norm   ,5,0
3155300,I,3,HEALTHY,3.0_adv    ,1,0
3155300,I,3,HEALTHY,5.100_count,37,2133
3155300,I,3,HEALTHY,7.500_count,56,12800
3155300,I,3,HEALTHY,HEALTHY_OTH,49,116535
3155301,C,1,DEF    ,11_count   ,1,8
3155301,C,1,HEALTHY,2.0_norm   ,26,0
3155301,C,1,HEALTHY,3.0_adv    ,16,0
3155301,C,1,HEALTHY,4.0_temp   ,3,0
3155301,C,1,HEALTHY,5.11_count ,14,77
3155301,C,1,HEALTHY,7.25_count ,18,326
3155301,C,1,DEF    ,DEF_OTH    ,2,671
3155301,C,1,HEALTHY,HEALTHY_OTH,170,65318
3155301,C,3,HEALTHY,2.0_norm   ,1,0
3155301,C,3,HEALTHY,5.100_count,1,75
3155301,C,3,HEALTHY,7.500_count,2,564
3155301,C,3,HEALTHY,HEALTHY_OTH,8,51826
3155301,D,1,HEALTHY,2.0_norm   ,78,0
3155301,D,1,DEF    ,25_count   ,1,18
3155301,D,1,HEALTHY,3.0_adv    ,33,0
3155301,D,1,HEALTHY,4.0_temp   ,4,0
3155301,D,1,HEALTHY,5.11_count ,48,220
3155301,D,1,DEF    ,50_count   ,11,403
3155301,D,1,HEALTHY,7.25_count ,49,872
3155301,D,1,DEF    ,DEF_OTH    ,87,25847
3155301,D,1,HEALTHY,HEALTHY_OTH,2721,935085
3155301,D,1,HEALTHY,,3,1726
3155301,D,3,HEALTHY,,13,12589
3155301,I,3,HEALTHY,2.0_norm   ,1,0
3155301,I,3,HEALTHY,3.0_adv    ,4,0
3155301,I,3,HEALTHY,5.100_count,10,638
3155301,I,3,HEALTHY,7.500_count,20,5752
3155301,I,3,HEALTHY,HEALTHY_OTH,27,74365
3155401,C,1,DEF    ,11_count   ,2,11
3155401,C,1,HEALTHY,2.0_norm   ,92,0
3155401,C,1,DEF    ,25_count   ,5,84
3155401,C,1,HEALTHY,4.0_temp   ,7,0
3155401,C,1,HEALTHY,5.11_count ,52,265
3155401,C,1,DEF    ,50_count   ,6,213
3155401,C,1,HEALTHY,7.25_count ,81,1540
3155401,C,1,DEF    ,DEF_OTH    ,15,3900
3155401,C,1,HEALTHY,HEALTHY_OTH,662,138816
3155401,C,3,HEALTHY,2.0_norm   ,1,0
3155401,C,3,HEALTHY,4.0_temp   ,2,0
3155401,C,3,HEALTHY,5.100_count,1,1
3155401,C,3,HEALTHY,7.500_count,7,1752
3155401,C,3,HEALTHY,HEALTHY_OTH,33,145736
3155401,C,3,DEF    ,,1,4093
3155401,D,1,DEF    ,11_count   ,18,80
3155401,D,1,HEALTHY,2.0_norm   ,282,0
3155401,D,1,DEF    ,25_count   ,11,184
3155401,D,1,HEALTHY,3.0_adv    ,2,0
3155401,D,1,HEALTHY,4.0_temp   ,26,0
3155401,D,1,HEALTHY,5.11_count ,147,665
3155401,D,1,DEF    ,50_count   ,13,499
3155401,D,1,HEALTHY,7.25_count ,139,2605
3155401,D,1,DEF    ,DEF_OTH    ,260,62848
3155401,D,1,HEALTHY,HEALTHY_OTH,7336,2041157
3155401,D,1,HEALTHY,,2,905
3155401,D,3,HEALTHY,,5,3670
3155401,I,3,HEALTHY,2.0_norm   ,9,0
3155401,I,3,HEALTHY,5.100_count,21,954
3155401,I,3,HEALTHY,7.500_count,40,11302
3155401,I,3,HEALTHY,HEALTHY_OTH,45,134531
3155401,I,3,DEF    ,,1,1328
3155402,C,1,HEALTHY,2.0_norm   ,77,0
3155402,C,1,HEALTHY,3.0_adv    ,1,0
3155402,C,1,HEALTHY,4.0_temp   ,2,0
3155402,C,1,HEALTHY,5.11_count ,30,142
3155402,C,1,HEALTHY,7.25_count ,59,1030
3155402,C,1,DEF    ,DEF_OTH    ,2,324
3155402,C,1,HEALTHY,HEALTHY_OTH,423,104587
3155402,C,3,HEALTHY,2.0_norm   ,5,0
3155402,C,3,HEALTHY,5.100_count,1,3
3155402,C,3,HEALTHY,7.500_count,3,909
3155402,C,3,HEALTHY,HEALTHY_OTH,18,131412
3155402,D,1,DEF    ,11_count   ,5,20
3155402,D,1,HEALTHY,2.0_norm   ,245,0
3155402,D,1,DEF    ,25_count   ,4,61
3155402,D,1,HEALTHY,3.0_adv    ,6,0
3155402,D,1,HEALTHY,4.0_temp   ,9,0
3155402,D,1,HEALTHY,5.11_count ,93,432
3155402,D,1,DEF    ,50_count   ,7,297
3155402,D,1,HEALTHY,7.25_count ,119,2211
3155402,D,1,DEF    ,DEF_OTH    ,154,36878
3155402,D,1,HEALTHY,HEALTHY_OTH,6773,1751969
3155402,D,1,HEALTHY,,10,4323
3155402,D,3,HEALTHY,,2,2507
3155402,I,1,HEALTHY,,1,1119
3155402,I,3,HEALTHY,2.0_norm   ,5,0
3155402,I,3,HEALTHY,3.0_adv    ,7,0
3155402,I,3,HEALTHY,5.100_count,41,1787
3155402,I,3,HEALTHY,7.500_count,62,16356
3155402,I,3,HEALTHY,HEALTHY_OTH,115,403116
3155402,I,3,HEALTHY,,1,468
3155403,C,1,DEF    ,11_count   ,1,4
3155403,C,1,HEALTHY,2.0_norm   ,49,0
3155403,C,1,DEF    ,25_count   ,4,70
3155403,C,1,HEALTHY,3.0_adv    ,101,0
3155403,C,1,HEALTHY,4.0_temp   ,4,0
3155403,C,1,HEALTHY,5.11_count ,88,430
3155403,C,1,DEF    ,50_count   ,4,162
3155403,C,1,HEALTHY,7.25_count ,118,2097
3155403,C,1,DEF    ,DEF_OTH    ,19,5301
3155403,C,1,HEALTHY,DEF_OTH    ,1,792
3155403,C,1,HEALTHY,HEALTHY_OTH,1044,251239
3155403,C,1,HEALTHY,,1,1941
3155403,C,3,HEALTHY,2.0_norm   ,2,0
3155403,C,3,HEALTHY,3.0_adv    ,1,0
3155403,C,3,HEALTHY,5.100_count,8,341
3155403,C,3,HEALTHY,7.500_count,7,2327
3155403,C,3,HEALTHY,HEALTHY_OTH,30,83591
3155403,C,3,DEF    ,,1,1462
3155403,D,1,DEF    ,11_count   ,7,16
3155403,D,1,HEALTHY,2.0_norm   ,157,0
3155403,D,1,DEF    ,25_count   ,3,53
3155403,D,1,HEALTHY,3.0_adv    ,187,0
3155403,D,1,HEALTHY,4.0_temp   ,15,0
3155403,D,1,HEALTHY,5.11_count ,210,1017
3155403,D,1,DEF    ,50_count   ,16,582
3155403,D,1,HEALTHY,7.25_count ,173,3099
3155403,D,1,DEF    ,DEF_OTH    ,220,61635
3155403,D,1,HEALTHY,HEALTHY_OTH,13134,4069310
3155403,D,1,HEALTHY,,6,3823
3155403,D,3,DEF    ,,1,42
3155403,D,3,HEALTHY,,35,32883
3155403,I,1,HEALTHY,,2,221
3155403,I,3,HEALTHY,2.0_norm   ,2,0
3155403,I,3,HEALTHY,3.0_adv    ,16,0
3155403,I,3,HEALTHY,5.100_count,34,1568
3155403,I,3,HEALTHY,7.500_count,64,16047
3155403,I,3,HEALTHY,HEALTHY_OTH,64,142410
3155403,I,3,HEALTHY,,2,820
3155404,C,1,HEALTHY,2.0_norm   ,17,0
3155404,C,1,HEALTHY,3.0_adv    ,55,0
3155404,C,1,HEALTHY,5.11_count ,51,249
3155404,C,1,HEALTHY,7.25_count ,63,1027
3155404,C,1,DEF    ,DEF_OTH    ,17,12735
3155404,C,1,HEALTHY,HEALTHY_OTH,616,138478
3155404,C,1,HEALTHY,,3,1306
3155404,C,3,HEALTHY,3.0_adv    ,1,0
3155404,C,3,HEALTHY,5.100_count,1,23
3155404,C,3,HEALTHY,7.500_count,1,401
3155404,C,3,HEALTHY,HEALTHY_OTH,28,143979
3155404,D,1,DEF    ,11_count   ,1,9
3155404,D,1,HEALTHY,2.0_norm   ,109,0
3155404,D,1,DEF    ,25_count   ,2,33
3155404,D,1,HEALTHY,3.0_adv    ,130,0
3155404,D,1,HEALTHY,4.0_temp   ,1,0
3155404,D,1,HEALTHY,5.11_count ,87,446
3155404,D,1,DEF    ,50_count   ,3,104
3155404,D,1,HEALTHY,7.25_count ,105,1886
3155404,D,1,DEF    ,DEF_OTH    ,53,16391
3155404,D,1,HEALTHY,HEALTHY_OTH,4396,1247935
3155404,D,1,HEALTHY,,4,1151
3155404,D,3,HEALTHY,,7,9657
3155404,I,3,DEF    ,100_count  ,1,87
3155404,I,3,HEALTHY,2.0_norm   ,1,0
3155404,I,3,HEALTHY,3.0_adv    ,6,0
3155404,I,3,HEALTHY,4.0_temp   ,4,0
3155404,I,3,HEALTHY,5.100_count,20,950
3155404,I,3,HEALTHY,7.500_count,31,8698
3155404,I,3,HEALTHY,HEALTHY_OTH,45,89686
3155404,I,3,HEALTHY,,1,0
3155500,C,1,HEALTHY,2.0_norm   ,67,0
3155500,C,1,DEF    ,25_count   ,1,19
3155500,C,1,HEALTHY,3.0_adv    ,2,0
3155500,C,1,HEALTHY,4.0_temp   ,5,0
3155500,C,1,HEALTHY,5.11_count ,53,256
3155500,C,1,DEF    ,50_count   ,2,89
3155500,C,1,HEALTHY,7.25_count ,88,1582
3155500,C,1,DEF    ,DEF_OTH    ,7,5495
3155500,C,1,HEALTHY,HEALTHY_OTH,753,201657
3155500,C,1,HEALTHY,,2,4164
3155500,C,3,HEALTHY,2.0_norm   ,2,0
3155500,C,3,HEALTHY,5.100_count,5,152.9
3155500,C,3,HEALTHY,7.500_count,9,2856
3155500,C,3,HEALTHY,HEALTHY_OTH,34,118279
3155500,C,3,DEF    ,,1,8250
3155500,C,3,HEALTHY,,1,0
3155500,D,1,DEF    ,11_count   ,1,2
3155500,D,1,HEALTHY,2.0_norm   ,139,0
3155500,D,1,DEF    ,25_count   ,4,82
3155500,D,1,HEALTHY,3.0_adv    ,2,0
3155500,D,1,HEALTHY,4.0_temp   ,10,0
3155500,D,1,HEALTHY,5.11_count ,117,531
3155500,D,1,DEF    ,50_count   ,7,286
3155500,D,1,HEALTHY,7.25_count ,95,1614
3155500,D,1,DEF    ,DEF_OTH    ,105,34507
3155500,D,1,HEALTHY,HEALTHY_OTH,5440,1822045
3155500,D,1,DEF    ,,1,802
3155500,D,1,HEALTHY,,7,3294
3155500,D,3,HEALTHY,,24,33474
3155500,I,3,HEALTHY,2.0_norm   ,4,0
3155500,I,3,HEALTHY,4.0_temp   ,2,0
3155500,I,3,HEALTHY,5.100_count,35,1769
3155500,I,3,HEALTHY,7.500_count,40,11943
3155500,I,3,HEALTHY,HEALTHY_OTH,37,50967
3155501,C,1,HEALTHY,2.0_norm   ,48,0
3155501,C,1,DEF    ,25_count   ,3,55
3155501,C,1,HEALTHY,3.0_adv    ,4,0
3155501,C,1,HEALTHY,4.0_temp   ,5,0
3155501,C,1,HEALTHY,5.11_count ,40,210
3155501,C,1,DEF    ,50_count   ,2,72
3155501,C,1,HEALTHY,7.25_count ,44,846
3155501,C,1,DEF    ,DEF_OTH    ,5,646
3155501,C,1,HEALTHY,HEALTHY_OTH,372,87642
3155501,C,3,HEALTHY,2.0_norm   ,1,0
3155501,C,3,HEALTHY,5.100_count,2,65
3155501,C,3,HEALTHY,7.500_count,2,398
3155501,C,3,HEALTHY,HEALTHY_OTH,19,102736
3155501,D,1,DEF    ,11_count   ,3,16
3155501,D,1,HEALTHY,2.0_norm   ,134,0
3155501,D,1,DEF    ,25_count   ,1,21
3155501,D,1,HEALTHY,3.0_adv    ,1,0
3155501,D,1,HEALTHY,4.0_temp   ,17,0
3155501,D,1,HEALTHY,5.11_count ,48,237
3155501,D,1,DEF    ,50_count   ,5,201
3155501,D,1,HEALTHY,7.25_count ,69,1180
3155501,D,1,DEF    ,DEF_OTH    ,117,33416
3155501,D,1,HEALTHY,HEALTHY_OTH,4706,1456922
3155501,D,1,DEF    ,,4,2520
3155501,D,1,HEALTHY,,4,1929
3155501,D,3,HEALTHY,,4,2932
3155501,I,3,HEALTHY,2.0_norm   ,1,0
3155501,I,3,HEALTHY,5.100_count,12,648
3155501,I,3,HEALTHY,7.500_count,24,6074
3155501,I,3,HEALTHY,HEALTHY_OTH,26,54720
3155600,C,1,DEF    ,11_count   ,3,14
3155600,C,1,HEALTHY,2.0_norm   ,65,0
3155600,C,1,DEF    ,25_count   ,1,18
3155600,C,1,HEALTHY,4.0_temp   ,1,0
3155600,C,1,HEALTHY,5.11_count ,39,177
3155600,C,1,DEF    ,50_count   ,3,125
3155600,C,1,HEALTHY,7.25_count ,47,840
3155600,C,1,DEF    ,DEF_OTH    ,20,4302
3155600,C,1,HEALTHY,HEALTHY_OTH,637,195280
3155600,C,3,HEALTHY,2.0_norm   ,2,0
3155600,C,3,DEF    ,250_count  ,1,225
3155600,C,3,HEALTHY,5.100_count,3,116
3155600,C,3,HEALTHY,7.500_count,4,941
3155600,C,3,HEALTHY,HEALTHY_OTH,24,98855
3155600,D,1,DEF    ,11_count   ,4,7
3155600,D,1,HEALTHY,2.0_norm   ,173,0
3155600,D,1,DEF    ,25_count   ,8,141
3155600,D,1,HEALTHY,3.0_adv    ,2,0
3155600,D,1,HEALTHY,4.0_temp   ,2,0
3155600,D,1,HEALTHY,5.11_count ,72,316
3155600,D,1,DEF    ,50_count   ,3,97
3155600,D,1,HEALTHY,7.25_count ,53,954
3155600,D,1,DEF    ,DEF_OTH    ,156,48888
3155600,D,1,HEALTHY,HEALTHY_OTH,3591,1350215
3155600,D,1,HEALTHY,,6,9729
3155600,D,3,HEALTHY,,12,10021
3155600,I,1,HEALTHY,,1,10
3155600,I,3,DEF    ,100_count  ,1,52
3155600,I,3,HEALTHY,2.0_norm   ,5,0
3155600,I,3,HEALTHY,5.100_count,21,1107
3155600,I,3,HEALTHY,7.500_count,34,9223
3155600,I,3,HEALTHY,HEALTHY_OTH,42,108510
3155600,I,3,HEALTHY,,1,706
3155601,C,1,DEF    ,11_count   ,3,23
3155601,C,1,HEALTHY,2.0_norm   ,124,0
3155601,C,1,DEF    ,25_count   ,5,90
3155601,C,1,HEALTHY,4.0_temp   ,2,0
3155601,C,1,HEALTHY,5.11_count ,31,168
3155601,C,1,DEF    ,50_count   ,7,257
3155601,C,1,HEALTHY,7.25_count ,55,974
3155601,C,1,DEF    ,DEF_OTH    ,31,13697
3155601,C,1,HEALTHY,HEALTHY_OTH,653,288224
3155601,C,3,HEALTHY,2.0_norm   ,4,0
3155601,C,3,HEALTHY,5.100_count,8,303
3155601,C,3,HEALTHY,7.500_count,10,3465
3155601,C,3,HEALTHY,HEALTHY_OTH,21,103732
3155601,C,3,DEF    ,,1,0
3155601,D,1,DEF    ,11_count   ,26,113
3155601,D,1,HEALTHY,2.0_norm   ,318,0
3155601,D,1,DEF    ,25_count   ,17,289
3155601,D,1,HEALTHY,3.0_adv    ,2,0
3155601,D,1,HEALTHY,4.0_temp   ,4,0
3155601,D,1,HEALTHY,5.11_count ,134,752
3155601,D,1,DEF    ,50_count   ,49,1917
3155601,D,1,HEALTHY,7.25_count ,168,3068
3155601,D,1,DEF    ,DEF_OTH    ,410,91060
3155601,D,1,HEALTHY,HEALTHY_OTH,8925,2471256
3155601,D,1,HEALTHY,,7,94928
3155601,D,3,HEALTHY,,7,2961
3155601,I,3,HEALTHY,2.0_norm   ,15,0
3155601,I,3,HEALTHY,5.100_count,29,1252
3155601,I,3,HEALTHY,7.500_count,34,8679
3155601,I,3,HEALTHY,HEALTHY_OTH,113,551011
3155601,I,3,DEF    ,,1,6878
3155601,I,3,HEALTHY,,1,14800
3157101,C,1,DEF    ,11_count   ,7,21
3157101,C,1,HEALTHY,2.0_norm   ,440,0
3157101,C,1,DEF    ,25_count   ,9,153
3157101,C,1,HEALTHY,3.0_adv    ,1,0
3157101,C,1,HEALTHY,4.0_temp   ,72,0
3157101,C,1,HEALTHY,5.11_count ,200,974
3157101,C,1,DEF    ,50_count   ,15,554
3157101,C,1,HEALTHY,7.25_count ,253,4563
3157101,C,1,DEF    ,DEF_OTH    ,73,17608
3157101,C,1,HEALTHY,HEALTHY_OTH,2469,580311
3157101,C,1,DEF    ,,1,1021
3157101,C,1,HEALTHY,,1,289
3157101,C,3,HEALTHY,2.0_norm   ,12,0
3157101,C,3,HEALTHY,4.0_temp   ,4,0
3157101,C,3,HEALTHY,5.100_count,14,805
3157101,C,3,DEF    ,500_count  ,1,431
3157101,C,3,HEALTHY,7.500_count,48,13925
3157101,C,3,HEALTHY,HEALTHY_OTH,105,614993
3157101,D,1,DEF    ,11_count   ,27,131
3157101,D,1,HEALTHY,11_count   ,2,0
3157101,D,1,HEALTHY,2.0_norm   ,676,0
3157101,D,1,DEF    ,25_count   ,17,303
3157101,D,1,HEALTHY,3.0_adv    ,1,0
3157101,D,1,HEALTHY,4.0_temp   ,174,0
3157101,D,1,HEALTHY,5.11_count ,304,1521
3157101,D,1,DEF    ,50_count   ,53,1949
3157101,D,1,HEALTHY,7.25_count ,354,6509
3157101,D,1,DEF    ,DEF_OTH    ,408,94437
3157101,D,1,HEALTHY,DEF_OTH    ,4,83340
3157101,D,1,HEALTHY,HEALTHY_OTH,13982,3324523
3157101,D,1,DEF    ,,2,801
3157101,D,1,HEALTHY,,5,0
3157101,D,3,HEALTHY,,34,19685
3157101,I,1,HEALTHY,,1,247
3157101,I,3,HEALTHY,2.0_norm   ,8,0
3157101,I,3,HEALTHY,4.0_temp   ,2,0
3157101,I,3,HEALTHY,5.100_count,46,2530
3157101,I,3,HEALTHY,7.500_count,155,40683
3157101,I,3,HEALTHY,HEALTHY_OTH,73,122765
3157102,C,1,DEF    ,11_count   ,4,23
3157102,C,1,HEALTHY,2.0_norm   ,172,0
3157102,C,1,DEF    ,25_count   ,7,139
3157102,C,1,HEALTHY,3.0_adv    ,1,0
3157102,C,1,HEALTHY,4.0_temp   ,21,0
3157102,C,1,HEALTHY,5.11_count ,102,551
3157102,C,1,DEF    ,50_count   ,12,463
3157102,C,1,HEALTHY,7.25_count ,139,2558
3157102,C,1,DEF    ,DEF_OTH    ,32,7773
3157102,C,1,HEALTHY,HEALTHY_OTH,1332,313143.53
3157102,C,3,HEALTHY,2.0_norm   ,4,0
3157102,C,3,HEALTHY,4.0_temp   ,1,0
3157102,C,3,HEALTHY,5.100_count,5,224
3157102,C,3,HEALTHY,7.500_count,12,3793
3157102,C,3,HEALTHY,HEALTHY_OTH,41,281203
3157102,D,1,DEF    ,11_count   ,38,176
3157102,D,1,HEALTHY,11_count   ,2,0
3157102,D,1,HEALTHY,2.0_norm   ,631,0
3157102,D,1,DEF    ,25_count   ,60,1130
3157102,D,1,HEALTHY,3.0_adv    ,5,0
3157102,D,1,HEALTHY,4.0_temp   ,81,0
3157102,D,1,HEALTHY,5.11_count ,416,2309
3157102,D,1,DEF    ,50_count   ,142,5469
3157102,D,1,HEALTHY,7.25_count ,761,13960.8
3157102,D,1,DEF    ,DEF_OTH    ,534,77614
3157102,D,1,HEALTHY,HEALTHY_OTH,16318,2449891.2
3157102,D,1,DEF    ,,1,128
3157102,D,1,HEALTHY,,4,630
3157102,D,3,HEALTHY,,1,992
3157102,I,3,HEALTHY,2.0_norm   ,21,0
3157102,I,3,HEALTHY,4.0_temp   ,4,0
3157102,I,3,HEALTHY,5.100_count,57,2386
3157102,I,3,HEALTHY,7.500_count,134,37293
3157102,I,3,HEALTHY,HEALTHY_OTH,145,283940
3157102,I,3,DEF    ,,1,1394
3157103,C,1,DEF    ,11_count   ,3,15
3157103,C,1,HEALTHY,2.0_norm   ,131,0
3157103,C,1,DEF    ,25_count   ,3,50
3157103,C,1,HEALTHY,3.0_adv    ,3,0
3157103,C,1,HEALTHY,4.0_temp   ,17,0
3157103,C,1,HEALTHY,5.11_count ,83,427
3157103,C,1,DEF    ,50_count   ,4,168
3157103,C,1,HEALTHY,7.25_count ,122,2245
3157103,C,1,DEF    ,DEF_OTH    ,32,7992
3157103,C,1,HEALTHY,HEALTHY_OTH,977,256344
3157103,C,1,DEF    ,,1,158
3157103,C,1,HEALTHY,,1,0
3157103,C,3,HEALTHY,7.500_count,4,1348
3157103,C,3,HEALTHY,HEALTHY_OTH,39,275797
3157103,D,1,DEF    ,11_count   ,64,308
3157103,D,1,HEALTHY,2.0_norm   ,584,0
3157103,D,1,DEF    ,25_count   ,65,1195
3157103,D,1,HEALTHY,3.0_adv    ,12,0
3157103,D,1,HEALTHY,4.0_temp   ,105,0
3157103,D,1,HEALTHY,5.11_count ,507,2699
3157103,D,1,DEF    ,50_count   ,179,6900
3157103,D,1,HEALTHY,7.25_count ,1068,19895
3157103,D,1,DEF    ,DEF_OTH    ,559,73389
3157103,D,1,HEALTHY,DEF_OTH    ,1,6139
3157103,D,1,HEALTHY,HEALTHY_OTH,18081,2337512
3157103,D,1,DEF    ,,6,652
3157103,D,1,HEALTHY,,7,6985
3157103,D,3,HEALTHY,,5,1856
3157103,I,1,HEALTHY,,1,137
3157103,I,3,HEALTHY,2.0_norm   ,5,0
3157103,I,3,HEALTHY,4.0_temp   ,6,0
3157103,I,3,HEALTHY,5.100_count,43,2535
3157103,I,3,HEALTHY,7.500_count,138,35387
3157103,I,3,HEALTHY,HEALTHY_OTH,116,170234
3157104,C,1,DEF    ,11_count   ,1,2
3157104,C,1,HEALTHY,2.0_norm   ,81,0
3157104,C,1,DEF    ,25_count   ,3,62
3157104,C,1,HEALTHY,3.0_adv    ,3,0
3157104,C,1,HEALTHY,4.0_temp   ,2,0
3157104,C,1,HEALTHY,5.11_count ,65,384
3157104,C,1,DEF    ,50_count   ,3,91
3157104,C,1,HEALTHY,7.25_count ,104,1893
3157104,C,1,DEF    ,DEF_OTH    ,19,3011
3157104,C,1,HEALTHY,HEALTHY_OTH,638,114050
3157104,C,1,HEALTHY,,1,0
3157104,C,3,HEALTHY,2.0_norm   ,2,0
3157104,C,3,HEALTHY,5.100_count,2,151
3157104,C,3,DEF    ,500_count  ,1,499
3157104,C,3,HEALTHY,7.500_count,3,798
3157104,C,3,HEALTHY,HEALTHY_OTH,17,84208
3157104,D,1,DEF    ,11_count   ,23,97
3157104,D,1,HEALTHY,2.0_norm   ,350,0
3157104,D,1,DEF    ,25_count   ,26,477
3157104,D,1,HEALTHY,3.0_adv    ,10,0
3157104,D,1,HEALTHY,4.0_temp   ,11,0
3157104,D,1,HEALTHY,5.11_count ,207,1170
3157104,D,1,DEF    ,50_count   ,73,2782
3157104,D,1,HEALTHY,7.25_count ,383,7061
3157104,D,1,DEF    ,DEF_OTH    ,269,39292
3157104,D,1,HEALTHY,HEALTHY_OTH,8620,1199425
3157104,D,1,DEF    ,,2,2656
3157104,D,3,HEALTHY,,3,781
3157104,I,1,HEALTHY,,2,1483
3157104,I,3,HEALTHY,2.0_norm   ,5,0
3157104,I,3,HEALTHY,5.100_count,25,1373
3157104,I,3,HEALTHY,7.500_count,49,11099
3157104,I,3,HEALTHY,HEALTHY_OTH,50,81173
3157104,I,3,DEF    ,,1,10378
3157105,C,1,DEF    ,11_count   ,3,14
3157105,C,1,HEALTHY,2.0_norm   ,76,0
3157105,C,1,DEF    ,25_count   ,1,13
3157105,C,1,HEALTHY,3.0_adv    ,24,0
3157105,C,1,HEALTHY,4.0_temp   ,22,0
3157105,C,1,HEALTHY,5.11_count ,51,271
3157105,C,1,DEF    ,50_count   ,3,108
3157105,C,1,HEALTHY,7.25_count ,125,2135
3157105,C,1,DEF    ,DEF_OTH    ,16,1989
3157105,C,1,HEALTHY,HEALTHY_OTH,713,145933
3157105,C,1,HEALTHY,,1,591
3157105,C,3,HEALTHY,3.0_adv    ,1,0
3157105,C,3,HEALTHY,7.500_count,2,801
3157105,C,3,HEALTHY,HEALTHY_OTH,19,122963
3157105,D,1,DEF    ,11_count   ,24,106
3157105,D,1,HEALTHY,2.0_norm   ,283,0
3157105,D,1,DEF    ,25_count   ,28,533
3157105,D,1,HEALTHY,3.0_adv    ,75,0
3157105,D,1,HEALTHY,4.0_temp   ,67,0
3157105,D,1,HEALTHY,5.11_count ,237,1275
3157105,D,1,DEF    ,50_count   ,60,2287
3157105,D,1,HEALTHY,7.25_count ,406,7621
3157105,D,1,DEF    ,DEF_OTH    ,391,56242
3157105,D,1,HEALTHY,HEALTHY_OTH,10583,1717143
3157105,D,1,HEALTHY,,3,2618
3157105,I,1,HEALTHY,,1,252
3157105,I,3,HEALTHY,2.0_norm   ,1,0
3157105,I,3,DEF    ,250_count  ,1,148
3157105,I,3,HEALTHY,4.0_temp   ,2,0
3157105,I,3,HEALTHY,5.100_count,23,1053
3157105,I,3,HEALTHY,7.500_count,64,16836.9
3157105,I,3,HEALTHY,HEALTHY_OTH,55,98448
